{
    "accuracy": 0.743834279630944,
    "precision": 0.8011211947356446,
    "recall": 0.743834279630944,
    "f1_score": 0.7000150597039513,
    "precision_per_class": [
        0.9604749787955895,
        0.8340314136125655,
        0.8933333333333333,
        0.6363636363636364,
        0.6442425898101353
    ],
    "recall_per_class": [
        0.7589812332439678,
        0.6579925650557621,
        0.023223570190641248,
        0.208955223880597,
        0.9713726701678509
    ],
    "f1_per_class": [
        0.8479221265443654,
        0.7356268760101593,
        0.04527027027027027,
        0.3146067415730337,
        0.7746889500266908
    ],
    "confusion_matrix": [
        [
            5662,
            101,
            0,
            0,
            1697
        ],
        [
            162,
            1593,
            0,
            0,
            666
        ],
        [
            0,
            11,
            67,
            6,
            2801
        ],
        [
            0,
            0,
            8,
            14,
            45
        ],
        [
            71,
            205,
            0,
            2,
            9433
        ]
    ],
    "roc_auc": 0.9581171817366149,
    "classification_report": "              precision    recall  f1-score   support\n\n         DoS       0.96      0.76      0.85      7460\n       Probe       0.83      0.66      0.74      2421\n         R2L       0.89      0.02      0.05      2885\n         U2R       0.64      0.21      0.31        67\n      normal       0.64      0.97      0.77      9711\n\n    accuracy                           0.74     22544\n   macro avg       0.79      0.52      0.54     22544\nweighted avg       0.80      0.74      0.70     22544\n"
}