{
    "accuracy": 0.7483144073811213,
    "precision": 0.8012782216370357,
    "recall": 0.7483144073811213,
    "f1_score": 0.7028709109090832,
    "precision_per_class": [
        0.9592216582064298,
        0.8490379871731623,
        0.875,
        0.4666666666666667,
        0.6484460946094609
    ],
    "recall_per_class": [
        0.7599195710455764,
        0.7108632796365139,
        0.014558058925476604,
        0.1044776119402985,
        0.9711667181546699
    ],
    "f1_per_class": [
        0.8480179506357517,
        0.7738309352517986,
        0.028639618138424822,
        0.17073170731707318,
        0.7776540919398063
    ],
    "confusion_matrix": [
        [
            5669,
            90,
            0,
            0,
            1701
        ],
        [
            163,
            1721,
            0,
            0,
            537
        ],
        [
            0,
            17,
            42,
            5,
            2821
        ],
        [
            0,
            0,
            6,
            7,
            54
        ],
        [
            78,
            199,
            0,
            3,
            9431
        ]
    ],
    "roc_auc": 0.9586628418754163,
    "classification_report": "              precision    recall  f1-score   support\n\n         DoS       0.96      0.76      0.85      7460\n       Probe       0.85      0.71      0.77      2421\n         R2L       0.88      0.01      0.03      2885\n         U2R       0.47      0.10      0.17        67\n      normal       0.65      0.97      0.78      9711\n\n    accuracy                           0.75     22544\n   macro avg       0.76      0.51      0.52     22544\nweighted avg       0.80      0.75      0.70     22544\n"
}