{
    "accuracy": 0.7889904187366927,
    "precision": 0.8350757708707899,
    "recall": 0.7889904187366927,
    "f1_score": 0.7545165892142951,
    "precision_per_class": [
        0.9649873257287706,
        0.8326180257510729,
        0.9731543624161074,
        0.696969696969697,
        0.6958219733254735
    ],
    "recall_per_class": [
        0.8164879356568364,
        0.8013217678645188,
        0.10051993067590988,
        0.34328358208955223,
        0.9724024302337555
    ],
    "f1_per_class": [
        0.8845483589892535,
        0.8166701747000631,
        0.18221803330191644,
        0.46,
        0.8111846061334936
    ],
    "confusion_matrix": [
        [
            6091,
            94,
            0,
            0,
            1275
        ],
        [
            165,
            1940,
            0,
            0,
            316
        ],
        [
            0,
            88,
            290,
            6,
            2501
        ],
        [
            0,
            1,
            7,
            23,
            36
        ],
        [
            56,
            207,
            1,
            4,
            9443
        ]
    ],
    "roc_auc": 0.9583016559091787,
    "classification_report": "              precision    recall  f1-score   support\n\n         DoS       0.96      0.82      0.88      7460\n       Probe       0.83      0.80      0.82      2421\n         R2L       0.97      0.10      0.18      2885\n         U2R       0.70      0.34      0.46        67\n      normal       0.70      0.97      0.81      9711\n\n    accuracy                           0.79     22544\n   macro avg       0.83      0.61      0.63     22544\nweighted avg       0.84      0.79      0.75     22544\n"
}