{
    "accuracy": 0.7903211497515968,
    "precision": 0.836109269439541,
    "recall": 0.7903211497515968,
    "f1_score": 0.7555228714375887,
    "precision_per_class": [
        0.9650393700787402,
        0.8324742268041238,
        0.976027397260274,
        0.696969696969697,
        0.6973635625138468
    ],
    "recall_per_class": [
        0.8214477211796246,
        0.8004956629491945,
        0.09878682842287695,
        0.34328358208955223,
        0.9724024302337555
    ],
    "f1_per_class": [
        0.8874728457639391,
        0.8161718256475048,
        0.1794145420207743,
        0.46,
        0.8122312059177705
    ],
    "confusion_matrix": [
        [
            6128,
            94,
            0,
            0,
            1238
        ],
        [
            165,
            1938,
            0,
            0,
            318
        ],
        [
            0,
            90,
            285,
            6,
            2504
        ],
        [
            0,
            0,
            6,
            23,
            38
        ],
        [
            57,
            206,
            1,
            4,
            9443
        ]
    ],
    "roc_auc": 0.957497350298763,
    "classification_report": "              precision    recall  f1-score   support\n\n         DoS       0.97      0.82      0.89      7460\n       Probe       0.83      0.80      0.82      2421\n         R2L       0.98      0.10      0.18      2885\n         U2R       0.70      0.34      0.46        67\n      normal       0.70      0.97      0.81      9711\n\n    accuracy                           0.79     22544\n   macro avg       0.83      0.61      0.63     22544\nweighted avg       0.84      0.79      0.76     22544\n"
}